{
  "hash": "78f28b4e",
  "configHash": "efe6c71d",
  "lockfileHash": "590dd8e1",
  "browserHash": "fb31a66e",
  "optimized": {
    "@angular/common": {
      "src": "../../../../../../node_modules/@angular/common/fesm2022/common.mjs",
      "file": "@angular_common.js",
      "fileHash": "b5108fba",
      "needsInterop": false
    },
    "@angular/common/http": {
      "src": "../../../../../../node_modules/@angular/common/fesm2022/http.mjs",
      "file": "@angular_common_http.js",
      "fileHash": "377ca68b",
      "needsInterop": false
    },
    "@angular/core": {
      "src": "../../../../../../node_modules/@angular/core/fesm2022/core.mjs",
      "file": "@angular_core.js",
      "fileHash": "d4f80eb8",
      "needsInterop": false
    },
    "@angular/forms": {
      "src": "../../../../../../node_modules/@angular/forms/fesm2022/forms.mjs",
      "file": "@angular_forms.js",
      "fileHash": "2f2db7a8",
      "needsInterop": false
    },
    "@angular/platform-browser": {
      "src": "../../../../../../node_modules/@angular/platform-browser/fesm2022/platform-browser.mjs",
      "file": "@angular_platform-browser.js",
      "fileHash": "42534bfa",
      "needsInterop": false
    },
    "@angular/router": {
      "src": "../../../../../../node_modules/@angular/router/fesm2022/router.mjs",
      "file": "@angular_router.js",
      "fileHash": "a9542397",
      "needsInterop": false
    }
  },
  "chunks": {
    "chunk-6NCR3PWV": {
      "file": "chunk-6NCR3PWV.js"
    },
    "chunk-RF36Z2GR": {
      "file": "chunk-RF36Z2GR.js"
    },
    "chunk-YSME3UYY": {
      "file": "chunk-YSME3UYY.js"
    },
    "chunk-CSPLI7JI": {
      "file": "chunk-CSPLI7JI.js"
    },
    "chunk-JSLWBNZY": {
      "file": "chunk-JSLWBNZY.js"
    }
  }
}